date,tmax_c,tmin_c,tmax_f,tmin_f,city_x,respondent,respondent-name,type,type-name,timezone,timezone-description,energy_mwh,value-units,city_y,city,day_type,month,weekday,temp_range
2025-04-28,2.89,1.17,37.2,34.11,chicago,PJM,"PJM Interconnection, LLC",D,Demand,Pacific,Pacific,1953655,megawatthours,chicago,chicago,Weekday,4,Monday,<50°F
2025-04-29,2.5,1.0,36.5,33.8,chicago,PJM,"PJM Interconnection, LLC",D,Demand,Pacific,Pacific,2026336,megawatthours,chicago,chicago,Weekday,4,Tuesday,<50°F
2025-04-30,1.61,0.67,34.9,33.21,chicago,PJM,"PJM Interconnection, LLC",D,Demand,Pacific,Pacific,2036819,megawatthours,chicago,chicago,Weekday,4,Wednesday,<50°F
2025-05-01,2.0,1.06,35.6,33.91,chicago,PJM,"PJM Interconnection, LLC",D,Demand,Pacific,Pacific,2060594,megawatthours,chicago,chicago,Weekday,5,Thursday,<50°F
2025-05-02,1.39,0.78,34.5,33.4,chicago,PJM,"PJM Interconnection, LLC",D,Demand,Pacific,Pacific,2092208,megawatthours,chicago,chicago,Weekday,5,Friday,<50°F
2025-05-03,1.22,0.67,34.2,33.21,chicago,PJM,"PJM Interconnection, LLC",D,Demand,Pacific,Pacific,1955557,megawatthours,chicago,chicago,Weekend,5,Saturday,<50°F
2025-05-04,1.5,0.72,34.7,33.3,chicago,PJM,"PJM Interconnection, LLC",D,Demand,Pacific,Pacific,1883414,megawatthours,chicago,chicago,Weekend,5,Sunday,<50°F
2025-05-05,1.61,0.83,34.9,33.49,chicago,PJM,"PJM Interconnection, LLC",D,Demand,Pacific,Pacific,2005714,megawatthours,chicago,chicago,Weekday,5,Monday,<50°F
2025-05-06,2.5,0.83,36.5,33.49,chicago,PJM,"PJM Interconnection, LLC",D,Demand,Pacific,Pacific,1984170,megawatthours,chicago,chicago,Weekday,5,Tuesday,<50°F
2025-05-07,2.39,0.89,36.3,33.6,chicago,PJM,"PJM Interconnection, LLC",D,Demand,Pacific,Pacific,1986506,megawatthours,chicago,chicago,Weekday,5,Wednesday,<50°F
2025-05-08,1.44,0.5,34.59,32.9,chicago,PJM,"PJM Interconnection, LLC",D,Demand,Pacific,Pacific,2025767,megawatthours,chicago,chicago,Weekday,5,Thursday,<50°F
2025-05-09,1.94,0.28,35.49,32.5,chicago,PJM,"PJM Interconnection, LLC",D,Demand,Pacific,Pacific,1923250,megawatthours,chicago,chicago,Weekday,5,Friday,<50°F
2025-05-10,2.28,0.78,36.1,33.4,chicago,PJM,"PJM Interconnection, LLC",D,Demand,Pacific,Pacific,1775888,megawatthours,chicago,chicago,Weekend,5,Saturday,<50°F
2025-05-11,2.17,0.56,35.91,33.01,chicago,PJM,"PJM Interconnection, LLC",D,Demand,Pacific,Pacific,1820740,megawatthours,chicago,chicago,Weekend,5,Sunday,<50°F
2025-05-12,2.67,0.89,36.81,33.6,chicago,PJM,"PJM Interconnection, LLC",D,Demand,Pacific,Pacific,2043592,megawatthours,chicago,chicago,Weekday,5,Monday,<50°F
2025-05-13,2.56,1.44,36.61,34.59,chicago,PJM,"PJM Interconnection, LLC",D,Demand,Pacific,Pacific,2082434,megawatthours,chicago,chicago,Weekday,5,Tuesday,<50°F
2025-05-14,2.67,1.33,36.81,34.39,chicago,PJM,"PJM Interconnection, LLC",D,Demand,Pacific,Pacific,2107695,megawatthours,chicago,chicago,Weekday,5,Wednesday,<50°F
2025-05-15,3.44,1.39,38.19,34.5,chicago,PJM,"PJM Interconnection, LLC",D,Demand,Pacific,Pacific,2261689,megawatthours,chicago,chicago,Weekday,5,Thursday,<50°F
2025-05-16,3.11,1.56,37.6,34.81,chicago,PJM,"PJM Interconnection, LLC",D,Demand,Pacific,Pacific,2277799,megawatthours,chicago,chicago,Weekday,5,Friday,<50°F
2025-05-17,2.17,1.22,35.91,34.2,chicago,PJM,"PJM Interconnection, LLC",D,Demand,Pacific,Pacific,2026227,megawatthours,chicago,chicago,Weekend,5,Saturday,<50°F
2025-05-18,1.78,0.72,35.2,33.3,chicago,PJM,"PJM Interconnection, LLC",D,Demand,Pacific,Pacific,1897291,megawatthours,chicago,chicago,Weekend,5,Sunday,<50°F
2025-05-19,1.28,0.61,34.3,33.1,chicago,PJM,"PJM Interconnection, LLC",D,Demand,Pacific,Pacific,2010845,megawatthours,chicago,chicago,Weekday,5,Monday,<50°F
2025-05-20,1.33,0.89,34.39,33.6,chicago,PJM,"PJM Interconnection, LLC",D,Demand,Pacific,Pacific,1974841,megawatthours,chicago,chicago,Weekday,5,Tuesday,<50°F
2025-05-21,1.11,0.89,34.0,33.6,chicago,PJM,"PJM Interconnection, LLC",D,Demand,Pacific,Pacific,1996622,megawatthours,chicago,chicago,Weekday,5,Wednesday,<50°F
2025-05-22,1.39,0.78,34.5,33.4,chicago,PJM,"PJM Interconnection, LLC",D,Demand,Pacific,Pacific,1978006,megawatthours,chicago,chicago,Weekday,5,Thursday,<50°F
2025-05-23,1.83,0.56,35.29,33.01,chicago,PJM,"PJM Interconnection, LLC",D,Demand,Pacific,Pacific,1903861,megawatthours,chicago,chicago,Weekday,5,Friday,<50°F
2025-05-24,1.89,0.67,35.4,33.21,chicago,PJM,"PJM Interconnection, LLC",D,Demand,Pacific,Pacific,1765202,megawatthours,chicago,chicago,Weekend,5,Saturday,<50°F
2025-05-25,1.89,0.83,35.4,33.49,chicago,PJM,"PJM Interconnection, LLC",D,Demand,Pacific,Pacific,1733998,megawatthours,chicago,chicago,Weekend,5,Sunday,<50°F
2025-05-26,1.94,0.78,35.49,33.4,chicago,PJM,"PJM Interconnection, LLC",D,Demand,Pacific,Pacific,1777526,megawatthours,chicago,chicago,Weekday,5,Monday,<50°F
2025-05-27,2.06,1.11,35.71,34.0,chicago,PJM,"PJM Interconnection, LLC",D,Demand,Pacific,Pacific,1960824,megawatthours,chicago,chicago,Weekday,5,Tuesday,<50°F
2025-05-28,1.72,1.28,35.1,34.3,chicago,PJM,"PJM Interconnection, LLC",D,Demand,Pacific,Pacific,1992338,megawatthours,chicago,chicago,Weekday,5,Wednesday,<50°F
2025-05-29,2.11,1.17,35.8,34.11,chicago,PJM,"PJM Interconnection, LLC",D,Demand,Pacific,Pacific,2024387,megawatthours,chicago,chicago,Weekday,5,Thursday,<50°F
2025-05-30,2.28,1.17,36.1,34.11,chicago,PJM,"PJM Interconnection, LLC",D,Demand,Pacific,Pacific,2044019,megawatthours,chicago,chicago,Weekday,5,Friday,<50°F
2025-05-31,1.78,1.0,35.2,33.8,chicago,PJM,"PJM Interconnection, LLC",D,Demand,Pacific,Pacific,1822722,megawatthours,chicago,chicago,Weekend,5,Saturday,<50°F
2025-06-01,2.11,0.78,35.8,33.4,chicago,PJM,"PJM Interconnection, LLC",D,Demand,Pacific,Pacific,1782552,megawatthours,chicago,chicago,Weekend,6,Sunday,<50°F
2025-06-02,2.89,1.0,37.2,33.8,chicago,PJM,"PJM Interconnection, LLC",D,Demand,Pacific,Pacific,1999280,megawatthours,chicago,chicago,Weekday,6,Monday,<50°F
2025-06-03,3.17,2.0,37.71,35.6,chicago,PJM,"PJM Interconnection, LLC",D,Demand,Pacific,Pacific,2192466,megawatthours,chicago,chicago,Weekday,6,Tuesday,<50°F
2025-06-04,2.17,1.28,35.91,34.3,chicago,PJM,"PJM Interconnection, LLC",D,Demand,Pacific,Pacific,2354915,megawatthours,chicago,chicago,Weekday,6,Wednesday,<50°F
2025-06-05,2.22,1.22,36.0,34.2,chicago,PJM,"PJM Interconnection, LLC",D,Demand,Pacific,Pacific,2401925,megawatthours,chicago,chicago,Weekday,6,Thursday,<50°F
2025-06-06,2.5,1.39,36.5,34.5,chicago,PJM,"PJM Interconnection, LLC",D,Demand,Pacific,Pacific,2380416,megawatthours,chicago,chicago,Weekday,6,Friday,<50°F
2025-06-07,2.5,1.22,36.5,34.2,chicago,PJM,"PJM Interconnection, LLC",D,Demand,Pacific,Pacific,2199151,megawatthours,chicago,chicago,Weekend,6,Saturday,<50°F
2025-06-08,2.72,1.5,36.9,34.7,chicago,PJM,"PJM Interconnection, LLC",D,Demand,Pacific,Pacific,2089649,megawatthours,chicago,chicago,Weekend,6,Sunday,<50°F
2025-06-09,2.17,1.28,35.91,34.3,chicago,PJM,"PJM Interconnection, LLC",D,Demand,Pacific,Pacific,2241398,megawatthours,chicago,chicago,Weekday,6,Monday,<50°F
2025-06-10,2.56,1.28,36.61,34.3,chicago,PJM,"PJM Interconnection, LLC",D,Demand,Pacific,Pacific,2284063,megawatthours,chicago,chicago,Weekday,6,Tuesday,<50°F
2025-06-11,3.33,1.78,37.99,35.2,chicago,PJM,"PJM Interconnection, LLC",D,Demand,Pacific,Pacific,2402778,megawatthours,chicago,chicago,Weekday,6,Wednesday,<50°F
2025-06-12,2.61,1.67,36.7,35.01,chicago,PJM,"PJM Interconnection, LLC",D,Demand,Pacific,Pacific,2554294,megawatthours,chicago,chicago,Weekday,6,Thursday,<50°F
2025-06-13,2.17,1.5,35.91,34.7,chicago,PJM,"PJM Interconnection, LLC",D,Demand,Pacific,Pacific,2433294,megawatthours,chicago,chicago,Weekday,6,Friday,<50°F
2025-06-14,2.44,1.44,36.39,34.59,chicago,PJM,"PJM Interconnection, LLC",D,Demand,Pacific,Pacific,2180266,megawatthours,chicago,chicago,Weekend,6,Saturday,<50°F
2025-06-15,2.78,1.39,37.0,34.5,chicago,PJM,"PJM Interconnection, LLC",D,Demand,Pacific,Pacific,2084485,megawatthours,chicago,chicago,Weekend,6,Sunday,<50°F
2025-06-16,3.11,1.61,37.6,34.9,chicago,PJM,"PJM Interconnection, LLC",D,Demand,Pacific,Pacific,2281963,megawatthours,chicago,chicago,Weekday,6,Monday,<50°F
2025-06-17,3.33,2.17,37.99,35.91,chicago,PJM,"PJM Interconnection, LLC",D,Demand,Pacific,Pacific,2461357,megawatthours,chicago,chicago,Weekday,6,Tuesday,<50°F
2025-06-18,2.72,1.89,36.9,35.4,chicago,PJM,"PJM Interconnection, LLC",D,Demand,Pacific,Pacific,2607098,megawatthours,chicago,chicago,Weekday,6,Wednesday,<50°F
2025-06-19,2.94,1.83,37.29,35.29,chicago,PJM,"PJM Interconnection, LLC",D,Demand,Pacific,Pacific,2545578,megawatthours,chicago,chicago,Weekday,6,Thursday,<50°F
2025-06-20,3.0,2.06,37.4,35.71,chicago,PJM,"PJM Interconnection, LLC",D,Demand,Pacific,Pacific,2462749,megawatthours,chicago,chicago,Weekday,6,Friday,<50°F
2025-06-21,3.44,2.56,38.19,36.61,chicago,PJM,"PJM Interconnection, LLC",D,Demand,Pacific,Pacific,2643839,megawatthours,chicago,chicago,Weekend,6,Saturday,<50°F
2025-06-22,3.44,2.67,38.19,36.81,chicago,PJM,"PJM Interconnection, LLC",D,Demand,Pacific,Pacific,2833348,megawatthours,chicago,chicago,Weekend,6,Sunday,<50°F
2025-06-23,3.5,2.61,38.3,36.7,chicago,PJM,"PJM Interconnection, LLC",D,Demand,Pacific,Pacific,3243107,megawatthours,chicago,chicago,Weekday,6,Monday,<50°F
2025-06-24,3.44,2.33,38.19,36.19,chicago,PJM,"PJM Interconnection, LLC",D,Demand,Pacific,Pacific,3262296,megawatthours,chicago,chicago,Weekday,6,Tuesday,<50°F
2025-06-25,3.17,2.17,37.71,35.91,chicago,PJM,"PJM Interconnection, LLC",D,Demand,Pacific,Pacific,3152255,megawatthours,chicago,chicago,Weekday,6,Wednesday,<50°F
2025-06-26,3.44,2.5,38.19,36.5,chicago,PJM,"PJM Interconnection, LLC",D,Demand,Pacific,Pacific,2986353,megawatthours,chicago,chicago,Weekday,6,Thursday,<50°F
2025-06-27,3.06,2.22,37.51,36.0,chicago,PJM,"PJM Interconnection, LLC",D,Demand,Pacific,Pacific,2616586,megawatthours,chicago,chicago,Weekday,6,Friday,<50°F
2025-06-28,3.22,2.0,37.8,35.6,chicago,PJM,"PJM Interconnection, LLC",D,Demand,Pacific,Pacific,2574268,megawatthours,chicago,chicago,Weekend,6,Saturday,<50°F
2025-06-29,3.44,2.28,38.19,36.1,chicago,PJM,"PJM Interconnection, LLC",D,Demand,Pacific,Pacific,2731608,megawatthours,chicago,chicago,Weekend,6,Sunday,<50°F
2025-06-30,3.22,2.33,37.8,36.19,chicago,PJM,"PJM Interconnection, LLC",D,Demand,Pacific,Pacific,2891947,megawatthours,chicago,chicago,Weekday,6,Monday,<50°F
2025-07-01,3.06,2.11,37.51,35.8,chicago,PJM,"PJM Interconnection, LLC",D,Demand,Pacific,Pacific,2788097,megawatthours,chicago,chicago,Weekday,7,Tuesday,<50°F
2025-07-02,3.28,2.17,37.9,35.91,chicago,PJM,"PJM Interconnection, LLC",D,Demand,Pacific,Pacific,2696571,megawatthours,chicago,chicago,Weekday,7,Wednesday,<50°F
2025-07-03,3.5,2.22,38.3,36.0,chicago,PJM,"PJM Interconnection, LLC",D,Demand,Pacific,Pacific,2737478,megawatthours,chicago,chicago,Weekday,7,Thursday,<50°F
2025-07-04,3.33,2.33,37.99,36.19,chicago,PJM,"PJM Interconnection, LLC",D,Demand,Pacific,Pacific,2459314,megawatthours,chicago,chicago,Weekday,7,Friday,<50°F
2025-07-05,3.44,2.44,38.19,36.39,chicago,PJM,"PJM Interconnection, LLC",D,Demand,Pacific,Pacific,2566129,megawatthours,chicago,chicago,Weekend,7,Saturday,<50°F
2025-07-06,2.94,1.89,37.29,35.4,chicago,PJM,"PJM Interconnection, LLC",D,Demand,Pacific,Pacific,2667278,megawatthours,chicago,chicago,Weekend,7,Sunday,<50°F
2025-07-07,2.83,1.83,37.09,35.29,chicago,PJM,"PJM Interconnection, LLC",D,Demand,Pacific,Pacific,2876563,megawatthours,chicago,chicago,Weekday,7,Monday,<50°F
2025-07-08,2.89,2.06,37.2,35.71,chicago,PJM,"PJM Interconnection, LLC",D,Demand,Pacific,Pacific,2889037,megawatthours,chicago,chicago,Weekday,7,Tuesday,<50°F
2025-07-09,2.94,2.06,37.29,35.71,chicago,PJM,"PJM Interconnection, LLC",D,Demand,Pacific,Pacific,2801956,megawatthours,chicago,chicago,Weekday,7,Wednesday,<50°F
2025-07-10,2.94,1.94,37.29,35.49,chicago,PJM,"PJM Interconnection, LLC",D,Demand,Pacific,Pacific,2734933,megawatthours,chicago,chicago,Weekday,7,Thursday,<50°F
2025-07-11,3.22,2.11,37.8,35.8,chicago,PJM,"PJM Interconnection, LLC",D,Demand,Pacific,Pacific,2870812,megawatthours,chicago,chicago,Weekday,7,Friday,<50°F
2025-07-12,2.89,2.06,37.2,35.71,chicago,PJM,"PJM Interconnection, LLC",D,Demand,Pacific,Pacific,2747174,megawatthours,chicago,chicago,Weekend,7,Saturday,<50°F
2025-07-13,2.72,1.94,36.9,35.49,chicago,PJM,"PJM Interconnection, LLC",D,Demand,Pacific,Pacific,2671369,megawatthours,chicago,chicago,Weekend,7,Sunday,<50°F
2025-07-14,3.06,1.89,37.51,35.4,chicago,PJM,"PJM Interconnection, LLC",D,Demand,Pacific,Pacific,2836449,megawatthours,chicago,chicago,Weekday,7,Monday,<50°F
2025-07-15,3.28,2.11,37.9,35.8,chicago,PJM,"PJM Interconnection, LLC",D,Demand,Pacific,Pacific,2885264,megawatthours,chicago,chicago,Weekday,7,Tuesday,<50°F
2025-07-16,3.22,2.11,37.8,35.8,chicago,PJM,"PJM Interconnection, LLC",D,Demand,Pacific,Pacific,2952010,megawatthours,chicago,chicago,Weekday,7,Wednesday,<50°F
2025-07-17,2.22,1.44,36.0,34.59,chicago,PJM,"PJM Interconnection, LLC",D,Demand,Pacific,Pacific,2915057,megawatthours,chicago,chicago,Weekday,7,Thursday,<50°F
2025-07-18,2.67,1.44,36.81,34.59,chicago,PJM,"PJM Interconnection, LLC",D,Demand,Pacific,Pacific,2669046,megawatthours,chicago,chicago,Weekday,7,Friday,<50°F
2025-07-19,2.83,2.28,37.09,36.1,chicago,PJM,"PJM Interconnection, LLC",D,Demand,Pacific,Pacific,2550428,megawatthours,chicago,chicago,Weekend,7,Saturday,<50°F
2025-07-20,2.39,1.89,36.3,35.4,chicago,PJM,"PJM Interconnection, LLC",D,Demand,Pacific,Pacific,2603364,megawatthours,chicago,chicago,Weekend,7,Sunday,<50°F
2025-07-21,2.78,1.72,37.0,35.1,chicago,PJM,"PJM Interconnection, LLC",D,Demand,Pacific,Pacific,2663206,megawatthours,chicago,chicago,Weekday,7,Monday,<50°F
2025-07-22,3.0,2.06,37.4,35.71,chicago,PJM,"PJM Interconnection, LLC",D,Demand,Pacific,Pacific,2602759,megawatthours,chicago,chicago,Weekday,7,Tuesday,<50°F
2025-07-23,3.44,2.22,38.19,36.0,chicago,PJM,"PJM Interconnection, LLC",D,Demand,Pacific,Pacific,2755589,megawatthours,chicago,chicago,Weekday,7,Wednesday,<50°F
2025-04-28,3.0,2.17,37.4,35.91,houston,ERCO,"Electric Reliability Council of Texas, Inc.",D,Demand,Pacific,Pacific,1323896,megawatthours,houston,houston,Weekday,4,Monday,<50°F
2025-04-29,2.89,2.11,37.2,35.8,houston,ERCO,"Electric Reliability Council of Texas, Inc.",D,Demand,Pacific,Pacific,1307918,megawatthours,houston,houston,Weekday,4,Tuesday,<50°F
2025-04-30,3.0,2.33,37.4,36.19,houston,ERCO,"Electric Reliability Council of Texas, Inc.",D,Demand,Pacific,Pacific,1263170,megawatthours,houston,houston,Weekday,4,Wednesday,<50°F
2025-05-01,3.17,2.17,37.71,35.91,houston,ERCO,"Electric Reliability Council of Texas, Inc.",D,Demand,Pacific,Pacific,1273096,megawatthours,houston,houston,Weekday,5,Thursday,<50°F
2025-05-02,3.0,2.0,37.4,35.6,houston,ERCO,"Electric Reliability Council of Texas, Inc.",D,Demand,Pacific,Pacific,1189727,megawatthours,houston,houston,Weekday,5,Friday,<50°F
2025-05-03,2.78,1.78,37.0,35.2,houston,ERCO,"Electric Reliability Council of Texas, Inc.",D,Demand,Pacific,Pacific,1102903,megawatthours,houston,houston,Weekend,5,Saturday,<50°F
2025-05-04,2.83,1.5,37.09,34.7,houston,ERCO,"Electric Reliability Council of Texas, Inc.",D,Demand,Pacific,Pacific,1114796,megawatthours,houston,houston,Weekend,5,Sunday,<50°F
2025-05-05,2.72,1.56,36.9,34.81,houston,ERCO,"Electric Reliability Council of Texas, Inc.",D,Demand,Pacific,Pacific,1151316,megawatthours,houston,houston,Weekday,5,Monday,<50°F
2025-05-06,2.89,1.94,37.2,35.49,houston,ERCO,"Electric Reliability Council of Texas, Inc.",D,Demand,Pacific,Pacific,1185381,megawatthours,houston,houston,Weekday,5,Tuesday,<50°F
2025-05-07,2.94,2.06,37.29,35.71,houston,ERCO,"Electric Reliability Council of Texas, Inc.",D,Demand,Pacific,Pacific,1222940,megawatthours,houston,houston,Weekday,5,Wednesday,<50°F
2025-05-08,3.22,1.94,37.8,35.49,houston,ERCO,"Electric Reliability Council of Texas, Inc.",D,Demand,Pacific,Pacific,1214235,megawatthours,houston,houston,Weekday,5,Thursday,<50°F
2025-05-09,2.94,2.0,37.29,35.6,houston,ERCO,"Electric Reliability Council of Texas, Inc.",D,Demand,Pacific,Pacific,1189951,megawatthours,houston,houston,Weekday,5,Friday,<50°F
2025-05-10,2.89,1.83,37.2,35.29,houston,ERCO,"Electric Reliability Council of Texas, Inc.",D,Demand,Pacific,Pacific,1145071,megawatthours,houston,houston,Weekend,5,Saturday,<50°F
2025-05-11,2.78,1.67,37.0,35.01,houston,ERCO,"Electric Reliability Council of Texas, Inc.",D,Demand,Pacific,Pacific,1110723,megawatthours,houston,houston,Weekend,5,Sunday,<50°F
2025-05-12,3.0,1.61,37.4,34.9,houston,ERCO,"Electric Reliability Council of Texas, Inc.",D,Demand,Pacific,Pacific,1252353,megawatthours,houston,houston,Weekday,5,Monday,<50°F
2025-05-13,3.5,2.06,38.3,35.71,houston,ERCO,"Electric Reliability Council of Texas, Inc.",D,Demand,Pacific,Pacific,1406912,megawatthours,houston,houston,Weekday,5,Tuesday,<50°F
2025-05-14,3.56,2.39,38.41,36.3,houston,ERCO,"Electric Reliability Council of Texas, Inc.",D,Demand,Pacific,Pacific,1484450,megawatthours,houston,houston,Weekday,5,Wednesday,<50°F
2025-05-15,3.5,2.5,38.3,36.5,houston,ERCO,"Electric Reliability Council of Texas, Inc.",D,Demand,Pacific,Pacific,1463810,megawatthours,houston,houston,Weekday,5,Thursday,<50°F
2025-05-16,3.39,2.72,38.1,36.9,houston,ERCO,"Electric Reliability Council of Texas, Inc.",D,Demand,Pacific,Pacific,1472815,megawatthours,houston,houston,Weekday,5,Friday,<50°F
2025-05-17,3.44,2.61,38.19,36.7,houston,ERCO,"Electric Reliability Council of Texas, Inc.",D,Demand,Pacific,Pacific,1450839,megawatthours,houston,houston,Weekend,5,Saturday,<50°F
2025-05-18,3.33,2.72,37.99,36.9,houston,ERCO,"Electric Reliability Council of Texas, Inc.",D,Demand,Pacific,Pacific,1419175,megawatthours,houston,houston,Weekend,5,Sunday,<50°F
2025-05-19,3.33,2.67,37.99,36.81,houston,ERCO,"Electric Reliability Council of Texas, Inc.",D,Demand,Pacific,Pacific,1467411,megawatthours,houston,houston,Weekday,5,Monday,<50°F
2025-05-20,3.56,2.72,38.41,36.9,houston,ERCO,"Electric Reliability Council of Texas, Inc.",D,Demand,Pacific,Pacific,1429415,megawatthours,houston,houston,Weekday,5,Tuesday,<50°F
2025-05-21,3.17,2.44,37.71,36.39,houston,ERCO,"Electric Reliability Council of Texas, Inc.",D,Demand,Pacific,Pacific,1386664,megawatthours,houston,houston,Weekday,5,Wednesday,<50°F
2025-05-22,3.44,2.5,38.19,36.5,houston,ERCO,"Electric Reliability Council of Texas, Inc.",D,Demand,Pacific,Pacific,1483819,megawatthours,houston,houston,Weekday,5,Thursday,<50°F
2025-05-23,3.44,2.44,38.19,36.39,houston,ERCO,"Electric Reliability Council of Texas, Inc.",D,Demand,Pacific,Pacific,1517942,megawatthours,houston,houston,Weekday,5,Friday,<50°F
2025-05-24,3.56,2.67,38.41,36.81,houston,ERCO,"Electric Reliability Council of Texas, Inc.",D,Demand,Pacific,Pacific,1519272,megawatthours,houston,houston,Weekend,5,Saturday,<50°F
2025-05-25,3.5,2.78,38.3,37.0,houston,ERCO,"Electric Reliability Council of Texas, Inc.",D,Demand,Pacific,Pacific,1514585,megawatthours,houston,houston,Weekend,5,Sunday,<50°F
2025-05-26,3.11,2.11,37.6,35.8,houston,ERCO,"Electric Reliability Council of Texas, Inc.",D,Demand,Pacific,Pacific,1323574,megawatthours,houston,houston,Weekday,5,Monday,<50°F
2025-05-27,3.28,2.0,37.9,35.6,houston,ERCO,"Electric Reliability Council of Texas, Inc.",D,Demand,Pacific,Pacific,1353527,megawatthours,houston,houston,Weekday,5,Tuesday,<50°F
2025-05-28,2.78,2.22,37.0,36.0,houston,ERCO,"Electric Reliability Council of Texas, Inc.",D,Demand,Pacific,Pacific,1305592,megawatthours,houston,houston,Weekday,5,Wednesday,<50°F
2025-05-29,3.44,2.17,38.19,35.91,houston,ERCO,"Electric Reliability Council of Texas, Inc.",D,Demand,Pacific,Pacific,1395401,megawatthours,houston,houston,Weekday,5,Thursday,<50°F
2025-05-30,3.17,2.39,37.71,36.3,houston,ERCO,"Electric Reliability Council of Texas, Inc.",D,Demand,Pacific,Pacific,1313614,megawatthours,houston,houston,Weekday,5,Friday,<50°F
2025-05-31,3.22,2.39,37.8,36.3,houston,ERCO,"Electric Reliability Council of Texas, Inc.",D,Demand,Pacific,Pacific,1344164,megawatthours,houston,houston,Weekend,5,Saturday,<50°F
2025-06-01,3.39,2.22,38.1,36.0,houston,ERCO,"Electric Reliability Council of Texas, Inc.",D,Demand,Pacific,Pacific,1401155,megawatthours,houston,houston,Weekend,6,Sunday,<50°F
2025-06-02,3.39,2.39,38.1,36.3,houston,ERCO,"Electric Reliability Council of Texas, Inc.",D,Demand,Pacific,Pacific,1515859,megawatthours,houston,houston,Weekday,6,Monday,<50°F
2025-06-03,3.22,2.33,37.8,36.19,houston,ERCO,"Electric Reliability Council of Texas, Inc.",D,Demand,Pacific,Pacific,1503443,megawatthours,houston,houston,Weekday,6,Tuesday,<50°F
2025-06-04,3.33,2.61,37.99,36.7,houston,ERCO,"Electric Reliability Council of Texas, Inc.",D,Demand,Pacific,Pacific,1430566,megawatthours,houston,houston,Weekday,6,Wednesday,<50°F
2025-06-05,3.44,2.44,38.19,36.39,houston,ERCO,"Electric Reliability Council of Texas, Inc.",D,Demand,Pacific,Pacific,1497131,megawatthours,houston,houston,Weekday,6,Thursday,<50°F
2025-06-06,3.5,2.67,38.3,36.81,houston,ERCO,"Electric Reliability Council of Texas, Inc.",D,Demand,Pacific,Pacific,1560969,megawatthours,houston,houston,Weekday,6,Friday,<50°F
2025-06-07,3.61,2.61,38.5,36.7,houston,ERCO,"Electric Reliability Council of Texas, Inc.",D,Demand,Pacific,Pacific,1539505,megawatthours,houston,houston,Weekend,6,Saturday,<50°F
2025-06-08,3.67,2.61,38.61,36.7,houston,ERCO,"Electric Reliability Council of Texas, Inc.",D,Demand,Pacific,Pacific,1537993,megawatthours,houston,houston,Weekend,6,Sunday,<50°F
2025-06-09,3.44,2.22,38.19,36.0,houston,ERCO,"Electric Reliability Council of Texas, Inc.",D,Demand,Pacific,Pacific,1511311,megawatthours,houston,houston,Weekday,6,Monday,<50°F
2025-06-10,3.39,2.5,38.1,36.5,houston,ERCO,"Electric Reliability Council of Texas, Inc.",D,Demand,Pacific,Pacific,1442103,megawatthours,houston,houston,Weekday,6,Tuesday,<50°F
2025-06-11,2.83,2.33,37.09,36.19,houston,ERCO,"Electric Reliability Council of Texas, Inc.",D,Demand,Pacific,Pacific,1344413,megawatthours,houston,houston,Weekday,6,Wednesday,<50°F
2025-06-12,2.72,2.17,36.9,35.91,houston,ERCO,"Electric Reliability Council of Texas, Inc.",D,Demand,Pacific,Pacific,1324651,megawatthours,houston,houston,Weekday,6,Thursday,<50°F
2025-06-13,3.33,2.28,37.99,36.1,houston,ERCO,"Electric Reliability Council of Texas, Inc.",D,Demand,Pacific,Pacific,1478109,megawatthours,houston,houston,Weekday,6,Friday,<50°F
2025-06-14,3.39,2.5,38.1,36.5,houston,ERCO,"Electric Reliability Council of Texas, Inc.",D,Demand,Pacific,Pacific,1497221,megawatthours,houston,houston,Weekend,6,Saturday,<50°F
2025-06-15,3.44,2.28,38.19,36.1,houston,ERCO,"Electric Reliability Council of Texas, Inc.",D,Demand,Pacific,Pacific,1392704,megawatthours,houston,houston,Weekend,6,Sunday,<50°F
2025-06-16,3.33,2.33,37.99,36.19,houston,ERCO,"Electric Reliability Council of Texas, Inc.",D,Demand,Pacific,Pacific,1493099,megawatthours,houston,houston,Weekday,6,Monday,<50°F
2025-06-17,3.5,2.5,38.3,36.5,houston,ERCO,"Electric Reliability Council of Texas, Inc.",D,Demand,Pacific,Pacific,1561290,megawatthours,houston,houston,Weekday,6,Tuesday,<50°F
2025-06-18,3.5,2.61,38.3,36.7,houston,ERCO,"Electric Reliability Council of Texas, Inc.",D,Demand,Pacific,Pacific,1578528,megawatthours,houston,houston,Weekday,6,Wednesday,<50°F
2025-06-19,3.5,2.61,38.3,36.7,houston,ERCO,"Electric Reliability Council of Texas, Inc.",D,Demand,Pacific,Pacific,1597362,megawatthours,houston,houston,Weekday,6,Thursday,<50°F
2025-06-20,3.56,2.61,38.41,36.7,houston,ERCO,"Electric Reliability Council of Texas, Inc.",D,Demand,Pacific,Pacific,1609234,megawatthours,houston,houston,Weekday,6,Friday,<50°F
2025-06-21,3.56,2.72,38.41,36.9,houston,ERCO,"Electric Reliability Council of Texas, Inc.",D,Demand,Pacific,Pacific,1548247,megawatthours,houston,houston,Weekend,6,Saturday,<50°F
2025-06-22,3.44,2.56,38.19,36.61,houston,ERCO,"Electric Reliability Council of Texas, Inc.",D,Demand,Pacific,Pacific,1537877,megawatthours,houston,houston,Weekend,6,Sunday,<50°F
2025-06-23,3.44,2.56,38.19,36.61,houston,ERCO,"Electric Reliability Council of Texas, Inc.",D,Demand,Pacific,Pacific,1584468,megawatthours,houston,houston,Weekday,6,Monday,<50°F
2025-06-24,3.56,2.5,38.41,36.5,houston,ERCO,"Electric Reliability Council of Texas, Inc.",D,Demand,Pacific,Pacific,1557320,megawatthours,houston,houston,Weekday,6,Tuesday,<50°F
2025-06-25,3.17,2.44,37.71,36.39,houston,ERCO,"Electric Reliability Council of Texas, Inc.",D,Demand,Pacific,Pacific,1498039,megawatthours,houston,houston,Weekday,6,Wednesday,<50°F
2025-06-26,3.5,2.44,38.3,36.39,houston,ERCO,"Electric Reliability Council of Texas, Inc.",D,Demand,Pacific,Pacific,1516407,megawatthours,houston,houston,Weekday,6,Thursday,<50°F
2025-06-27,3.44,2.39,38.19,36.3,houston,ERCO,"Electric Reliability Council of Texas, Inc.",D,Demand,Pacific,Pacific,1541160,megawatthours,houston,houston,Weekday,6,Friday,<50°F
2025-06-28,3.5,2.39,38.3,36.3,houston,ERCO,"Electric Reliability Council of Texas, Inc.",D,Demand,Pacific,Pacific,1551228,megawatthours,houston,houston,Weekend,6,Saturday,<50°F
2025-06-29,3.39,2.44,38.1,36.39,houston,ERCO,"Electric Reliability Council of Texas, Inc.",D,Demand,Pacific,Pacific,1510724,megawatthours,houston,houston,Weekend,6,Sunday,<50°F
2025-06-30,3.44,2.33,38.19,36.19,houston,ERCO,"Electric Reliability Council of Texas, Inc.",D,Demand,Pacific,Pacific,1518885,megawatthours,houston,houston,Weekday,6,Monday,<50°F
2025-07-01,3.61,2.39,38.5,36.3,houston,ERCO,"Electric Reliability Council of Texas, Inc.",D,Demand,Pacific,Pacific,1492168,megawatthours,houston,houston,Weekday,7,Tuesday,<50°F
2025-07-02,3.56,2.5,38.41,36.5,houston,ERCO,"Electric Reliability Council of Texas, Inc.",D,Demand,Pacific,Pacific,1513665,megawatthours,houston,houston,Weekday,7,Wednesday,<50°F
2025-07-03,3.44,2.39,38.19,36.3,houston,ERCO,"Electric Reliability Council of Texas, Inc.",D,Demand,Pacific,Pacific,1436638,megawatthours,houston,houston,Weekday,7,Thursday,<50°F
2025-07-04,3.28,2.39,37.9,36.3,houston,ERCO,"Electric Reliability Council of Texas, Inc.",D,Demand,Pacific,Pacific,1393075,megawatthours,houston,houston,Weekday,7,Friday,<50°F
2025-07-05,3.44,2.56,38.19,36.61,houston,ERCO,"Electric Reliability Council of Texas, Inc.",D,Demand,Pacific,Pacific,1378682,megawatthours,houston,houston,Weekend,7,Saturday,<50°F
2025-07-06,3.56,2.44,38.41,36.39,houston,ERCO,"Electric Reliability Council of Texas, Inc.",D,Demand,Pacific,Pacific,1409726,megawatthours,houston,houston,Weekend,7,Sunday,<50°F
2025-07-07,3.5,2.56,38.3,36.61,houston,ERCO,"Electric Reliability Council of Texas, Inc.",D,Demand,Pacific,Pacific,1505984,megawatthours,houston,houston,Weekday,7,Monday,<50°F
2025-07-08,3.28,2.28,37.9,36.1,houston,ERCO,"Electric Reliability Council of Texas, Inc.",D,Demand,Pacific,Pacific,1484849,megawatthours,houston,houston,Weekday,7,Tuesday,<50°F
2025-07-09,3.28,2.28,37.9,36.1,houston,ERCO,"Electric Reliability Council of Texas, Inc.",D,Demand,Pacific,Pacific,1471587,megawatthours,houston,houston,Weekday,7,Wednesday,<50°F
2025-07-10,3.5,2.56,38.3,36.61,houston,ERCO,"Electric Reliability Council of Texas, Inc.",D,Demand,Pacific,Pacific,1534068,megawatthours,houston,houston,Weekday,7,Thursday,<50°F
2025-07-11,3.39,2.61,38.1,36.7,houston,ERCO,"Electric Reliability Council of Texas, Inc.",D,Demand,Pacific,Pacific,1542283,megawatthours,houston,houston,Weekday,7,Friday,<50°F
2025-07-12,3.5,2.61,38.3,36.7,houston,ERCO,"Electric Reliability Council of Texas, Inc.",D,Demand,Pacific,Pacific,1493102,megawatthours,houston,houston,Weekend,7,Saturday,<50°F
2025-07-13,3.5,2.44,38.3,36.39,houston,ERCO,"Electric Reliability Council of Texas, Inc.",D,Demand,Pacific,Pacific,1424677,megawatthours,houston,houston,Weekend,7,Sunday,<50°F
2025-07-14,3.33,2.33,37.99,36.19,houston,ERCO,"Electric Reliability Council of Texas, Inc.",D,Demand,Pacific,Pacific,1510140,megawatthours,houston,houston,Weekday,7,Monday,<50°F
2025-07-15,3.5,2.44,38.3,36.39,houston,ERCO,"Electric Reliability Council of Texas, Inc.",D,Demand,Pacific,Pacific,1575662,megawatthours,houston,houston,Weekday,7,Tuesday,<50°F
2025-07-16,3.61,2.61,38.5,36.7,houston,ERCO,"Electric Reliability Council of Texas, Inc.",D,Demand,Pacific,Pacific,1597302,megawatthours,houston,houston,Weekday,7,Wednesday,<50°F
2025-07-17,3.33,2.39,37.99,36.3,houston,ERCO,"Electric Reliability Council of Texas, Inc.",D,Demand,Pacific,Pacific,1572318,megawatthours,houston,houston,Weekday,7,Thursday,<50°F
2025-07-18,3.44,2.61,38.19,36.7,houston,ERCO,"Electric Reliability Council of Texas, Inc.",D,Demand,Pacific,Pacific,1572266,megawatthours,houston,houston,Weekday,7,Friday,<50°F
2025-07-19,3.56,2.56,38.41,36.61,houston,ERCO,"Electric Reliability Council of Texas, Inc.",D,Demand,Pacific,Pacific,1578050,megawatthours,houston,houston,Weekend,7,Saturday,<50°F
2025-07-20,3.61,2.61,38.5,36.7,houston,ERCO,"Electric Reliability Council of Texas, Inc.",D,Demand,Pacific,Pacific,1574575,megawatthours,houston,houston,Weekend,7,Sunday,<50°F
2025-07-21,3.67,2.67,38.61,36.81,houston,ERCO,"Electric Reliability Council of Texas, Inc.",D,Demand,Pacific,Pacific,1629948,megawatthours,houston,houston,Weekday,7,Monday,<50°F
2025-07-22,3.78,2.5,38.8,36.5,houston,ERCO,"Electric Reliability Council of Texas, Inc.",D,Demand,Pacific,Pacific,1633215,megawatthours,houston,houston,Weekday,7,Tuesday,<50°F
2025-07-23,3.72,2.44,38.7,36.39,houston,ERCO,"Electric Reliability Council of Texas, Inc.",D,Demand,Pacific,Pacific,1646012,megawatthours,houston,houston,Weekday,7,Wednesday,<50°F
2025-04-28,2.44,1.06,36.39,33.91,new_york,NYIS,New York Independent System Operator,D,Demand,Pacific,Pacific,337969,megawatthours,new_york,new_york,Weekday,4,Monday,<50°F
2025-04-29,2.61,1.33,36.7,34.39,new_york,NYIS,New York Independent System Operator,D,Demand,Pacific,Pacific,351109,megawatthours,new_york,new_york,Weekday,4,Tuesday,<50°F
2025-04-30,2.28,1.5,36.1,34.7,new_york,NYIS,New York Independent System Operator,D,Demand,Pacific,Pacific,344858,megawatthours,new_york,new_york,Weekday,4,Wednesday,<50°F
2025-05-01,2.17,1.11,35.91,34.0,new_york,NYIS,New York Independent System Operator,D,Demand,Pacific,Pacific,342656,megawatthours,new_york,new_york,Weekday,5,Thursday,<50°F
2025-05-02,2.89,1.39,37.2,34.5,new_york,NYIS,New York Independent System Operator,D,Demand,Pacific,Pacific,366165,megawatthours,new_york,new_york,Weekday,5,Friday,<50°F
2025-05-03,2.94,1.72,37.29,35.1,new_york,NYIS,New York Independent System Operator,D,Demand,Pacific,Pacific,359272,megawatthours,new_york,new_york,Weekend,5,Saturday,<50°F
2025-05-04,2.06,1.56,35.71,34.81,new_york,NYIS,New York Independent System Operator,D,Demand,Pacific,Pacific,349654,megawatthours,new_york,new_york,Weekend,5,Sunday,<50°F
2025-05-05,1.61,1.39,34.9,34.5,new_york,NYIS,New York Independent System Operator,D,Demand,Pacific,Pacific,375255,megawatthours,new_york,new_york,Weekday,5,Monday,<50°F
2025-05-06,1.78,1.39,35.2,34.5,new_york,NYIS,New York Independent System Operator,D,Demand,Pacific,Pacific,360106,megawatthours,new_york,new_york,Weekday,5,Tuesday,<50°F
2025-05-07,2.33,1.28,36.19,34.3,new_york,NYIS,New York Independent System Operator,D,Demand,Pacific,Pacific,357887,megawatthours,new_york,new_york,Weekday,5,Wednesday,<50°F
2025-05-08,2.56,1.56,36.61,34.81,new_york,NYIS,New York Independent System Operator,D,Demand,Pacific,Pacific,369593,megawatthours,new_york,new_york,Weekday,5,Thursday,<50°F
2025-05-09,1.56,1.06,34.81,33.91,new_york,NYIS,New York Independent System Operator,D,Demand,Pacific,Pacific,371722,megawatthours,new_york,new_york,Weekday,5,Friday,<50°F
2025-05-10,2.22,1.0,36.0,33.8,new_york,NYIS,New York Independent System Operator,D,Demand,Pacific,Pacific,318627,megawatthours,new_york,new_york,Weekend,5,Saturday,<50°F
2025-05-11,2.5,1.44,36.5,34.59,new_york,NYIS,New York Independent System Operator,D,Demand,Pacific,Pacific,314294,megawatthours,new_york,new_york,Weekend,5,Sunday,<50°F
2025-05-12,2.22,1.39,36.0,34.5,new_york,NYIS,New York Independent System Operator,D,Demand,Pacific,Pacific,351424,megawatthours,new_york,new_york,Weekday,5,Monday,<50°F
2025-05-13,2.06,1.44,35.71,34.59,new_york,NYIS,New York Independent System Operator,D,Demand,Pacific,Pacific,371435,megawatthours,new_york,new_york,Weekday,5,Tuesday,<50°F
2025-05-14,1.67,1.33,35.01,34.39,new_york,NYIS,New York Independent System Operator,D,Demand,Pacific,Pacific,374930,megawatthours,new_york,new_york,Weekday,5,Wednesday,<50°F
2025-05-15,2.06,1.5,35.71,34.7,new_york,NYIS,New York Independent System Operator,D,Demand,Pacific,Pacific,379942,megawatthours,new_york,new_york,Weekday,5,Thursday,<50°F
2025-05-16,2.22,1.61,36.0,34.9,new_york,NYIS,New York Independent System Operator,D,Demand,Pacific,Pacific,382250,megawatthours,new_york,new_york,Weekday,5,Friday,<50°F
2025-05-17,2.78,1.72,37.0,35.1,new_york,NYIS,New York Independent System Operator,D,Demand,Pacific,Pacific,370178,megawatthours,new_york,new_york,Weekend,5,Saturday,<50°F
2025-05-18,2.28,1.61,36.1,34.9,new_york,NYIS,New York Independent System Operator,D,Demand,Pacific,Pacific,350246,megawatthours,new_york,new_york,Weekend,5,Sunday,<50°F
2025-05-19,2.06,1.06,35.71,33.91,new_york,NYIS,New York Independent System Operator,D,Demand,Pacific,Pacific,352738,megawatthours,new_york,new_york,Weekday,5,Monday,<50°F
2025-05-20,1.94,0.94,35.49,33.69,new_york,NYIS,New York Independent System Operator,D,Demand,Pacific,Pacific,345052,megawatthours,new_york,new_york,Weekday,5,Tuesday,<50°F
2025-05-21,1.5,0.94,34.7,33.69,new_york,NYIS,New York Independent System Operator,D,Demand,Pacific,Pacific,370697,megawatthours,new_york,new_york,Weekday,5,Wednesday,<50°F
2025-05-22,1.06,0.89,33.91,33.6,new_york,NYIS,New York Independent System Operator,D,Demand,Pacific,Pacific,374864,megawatthours,new_york,new_york,Weekday,5,Thursday,<50°F
2025-05-23,1.72,0.83,35.1,33.49,new_york,NYIS,New York Independent System Operator,D,Demand,Pacific,Pacific,364713,megawatthours,new_york,new_york,Weekday,5,Friday,<50°F
2025-05-24,1.78,0.89,35.2,33.6,new_york,NYIS,New York Independent System Operator,D,Demand,Pacific,Pacific,329213,megawatthours,new_york,new_york,Weekend,5,Saturday,<50°F
2025-05-25,1.89,1.11,35.4,34.0,new_york,NYIS,New York Independent System Operator,D,Demand,Pacific,Pacific,317380,megawatthours,new_york,new_york,Weekend,5,Sunday,<50°F
2025-05-26,2.28,1.11,36.1,34.0,new_york,NYIS,New York Independent System Operator,D,Demand,Pacific,Pacific,315288,megawatthours,new_york,new_york,Weekday,5,Monday,<50°F
2025-05-27,2.33,1.39,36.19,34.5,new_york,NYIS,New York Independent System Operator,D,Demand,Pacific,Pacific,354571,megawatthours,new_york,new_york,Weekday,5,Tuesday,<50°F
2025-05-28,1.83,1.11,35.29,34.0,new_york,NYIS,New York Independent System Operator,D,Demand,Pacific,Pacific,358824,megawatthours,new_york,new_york,Weekday,5,Wednesday,<50°F
2025-05-29,1.94,1.28,35.49,34.3,new_york,NYIS,New York Independent System Operator,D,Demand,Pacific,Pacific,364646,megawatthours,new_york,new_york,Weekday,5,Thursday,<50°F
2025-05-30,2.39,1.67,36.3,35.01,new_york,NYIS,New York Independent System Operator,D,Demand,Pacific,Pacific,365737,megawatthours,new_york,new_york,Weekday,5,Friday,<50°F
2025-05-31,1.94,1.17,35.49,34.11,new_york,NYIS,New York Independent System Operator,D,Demand,Pacific,Pacific,345111,megawatthours,new_york,new_york,Weekend,5,Saturday,<50°F
2025-06-01,1.89,1.0,35.4,33.8,new_york,NYIS,New York Independent System Operator,D,Demand,Pacific,Pacific,320973,megawatthours,new_york,new_york,Weekend,6,Sunday,<50°F
2025-06-02,2.17,1.17,35.91,34.11,new_york,NYIS,New York Independent System Operator,D,Demand,Pacific,Pacific,340841,megawatthours,new_york,new_york,Weekday,6,Monday,<50°F
2025-06-03,2.61,1.33,36.7,34.39,new_york,NYIS,New York Independent System Operator,D,Demand,Pacific,Pacific,363595,megawatthours,new_york,new_york,Weekday,6,Tuesday,<50°F
2025-06-04,2.83,1.67,37.09,35.01,new_york,NYIS,New York Independent System Operator,D,Demand,Pacific,Pacific,403374,megawatthours,new_york,new_york,Weekday,6,Wednesday,<50°F
2025-06-05,3.06,2.11,37.51,35.8,new_york,NYIS,New York Independent System Operator,D,Demand,Pacific,Pacific,454411,megawatthours,new_york,new_york,Weekday,6,Thursday,<50°F
2025-06-06,2.89,2.17,37.2,35.91,new_york,NYIS,New York Independent System Operator,D,Demand,Pacific,Pacific,458228,megawatthours,new_york,new_york,Weekday,6,Friday,<50°F
2025-06-07,2.44,1.89,36.39,35.4,new_york,NYIS,New York Independent System Operator,D,Demand,Pacific,Pacific,402867,megawatthours,new_york,new_york,Weekend,6,Saturday,<50°F
2025-06-08,2.44,1.72,36.39,35.1,new_york,NYIS,New York Independent System Operator,D,Demand,Pacific,Pacific,371066,megawatthours,new_york,new_york,Weekend,6,Sunday,<50°F
2025-06-09,1.78,1.67,35.2,35.01,new_york,NYIS,New York Independent System Operator,D,Demand,Pacific,Pacific,393348,megawatthours,new_york,new_york,Weekday,6,Monday,<50°F
2025-06-10,2.28,1.67,36.1,35.01,new_york,NYIS,New York Independent System Operator,D,Demand,Pacific,Pacific,392609,megawatthours,new_york,new_york,Weekday,6,Tuesday,<50°F
2025-06-11,2.72,1.83,36.9,35.29,new_york,NYIS,New York Independent System Operator,D,Demand,Pacific,Pacific,411978,megawatthours,new_york,new_york,Weekday,6,Wednesday,<50°F
2025-06-12,3.06,2.11,37.51,35.8,new_york,NYIS,New York Independent System Operator,D,Demand,Pacific,Pacific,444615,megawatthours,new_york,new_york,Weekday,6,Thursday,<50°F
2025-06-13,2.56,1.94,36.61,35.49,new_york,NYIS,New York Independent System Operator,D,Demand,Pacific,Pacific,406317,megawatthours,new_york,new_york,Weekday,6,Friday,<50°F
2025-06-14,2.0,1.5,35.6,34.7,new_york,NYIS,New York Independent System Operator,D,Demand,Pacific,Pacific,357259,megawatthours,new_york,new_york,Weekend,6,Saturday,<50°F
2025-06-15,1.78,1.5,35.2,34.7,new_york,NYIS,New York Independent System Operator,D,Demand,Pacific,Pacific,346007,megawatthours,new_york,new_york,Weekend,6,Sunday,<50°F
2025-06-16,2.06,1.56,35.71,34.81,new_york,NYIS,New York Independent System Operator,D,Demand,Pacific,Pacific,387018,megawatthours,new_york,new_york,Weekday,6,Monday,<50°F
2025-06-17,1.94,1.67,35.49,35.01,new_york,NYIS,New York Independent System Operator,D,Demand,Pacific,Pacific,405003,megawatthours,new_york,new_york,Weekday,6,Tuesday,<50°F
2025-06-18,2.89,1.83,37.2,35.29,new_york,NYIS,New York Independent System Operator,D,Demand,Pacific,Pacific,447644,megawatthours,new_york,new_york,Weekday,6,Wednesday,<50°F
2025-06-19,3.11,2.11,37.6,35.8,new_york,NYIS,New York Independent System Operator,D,Demand,Pacific,Pacific,486523,megawatthours,new_york,new_york,Weekday,6,Thursday,<50°F
2025-06-20,2.78,1.94,37.0,35.49,new_york,NYIS,New York Independent System Operator,D,Demand,Pacific,Pacific,443986,megawatthours,new_york,new_york,Weekday,6,Friday,<50°F
2025-06-21,3.0,2.22,37.4,36.0,new_york,NYIS,New York Independent System Operator,D,Demand,Pacific,Pacific,460139,megawatthours,new_york,new_york,Weekend,6,Saturday,<50°F
2025-06-22,3.11,2.17,37.6,35.91,new_york,NYIS,New York Independent System Operator,D,Demand,Pacific,Pacific,506129,megawatthours,new_york,new_york,Weekend,6,Sunday,<50°F
2025-06-23,3.56,2.67,38.41,36.81,new_york,NYIS,New York Independent System Operator,D,Demand,Pacific,Pacific,611051,megawatthours,new_york,new_york,Weekday,6,Monday,<50°F
2025-06-24,3.72,2.72,38.7,36.9,new_york,NYIS,New York Independent System Operator,D,Demand,Pacific,Pacific,637696,megawatthours,new_york,new_york,Weekday,6,Tuesday,<50°F
2025-06-25,3.56,2.72,38.41,36.9,new_york,NYIS,New York Independent System Operator,D,Demand,Pacific,Pacific,628769,megawatthours,new_york,new_york,Weekday,6,Wednesday,<50°F
2025-06-26,2.94,1.89,37.29,35.4,new_york,NYIS,New York Independent System Operator,D,Demand,Pacific,Pacific,485906,megawatthours,new_york,new_york,Weekday,6,Thursday,<50°F
2025-06-27,2.22,1.67,36.0,35.01,new_york,NYIS,New York Independent System Operator,D,Demand,Pacific,Pacific,423031,megawatthours,new_york,new_york,Weekday,6,Friday,<50°F
2025-06-28,2.83,1.72,37.09,35.1,new_york,NYIS,New York Independent System Operator,D,Demand,Pacific,Pacific,444680,megawatthours,new_york,new_york,Weekend,6,Saturday,<50°F
2025-06-29,3.17,2.5,37.71,36.5,new_york,NYIS,New York Independent System Operator,D,Demand,Pacific,Pacific,479722,megawatthours,new_york,new_york,Weekend,6,Sunday,<50°F
2025-06-30,3.22,2.17,37.8,35.91,new_york,NYIS,New York Independent System Operator,D,Demand,Pacific,Pacific,536985,megawatthours,new_york,new_york,Weekday,6,Monday,<50°F
2025-07-01,3.17,2.22,37.71,36.0,new_york,NYIS,New York Independent System Operator,D,Demand,Pacific,Pacific,550254,megawatthours,new_york,new_york,Weekday,7,Tuesday,<50°F
2025-07-02,2.89,2.17,37.2,35.91,new_york,NYIS,New York Independent System Operator,D,Demand,Pacific,Pacific,509100,megawatthours,new_york,new_york,Weekday,7,Wednesday,<50°F
2025-07-03,3.11,2.06,37.6,35.71,new_york,NYIS,New York Independent System Operator,D,Demand,Pacific,Pacific,488481,megawatthours,new_york,new_york,Weekday,7,Thursday,<50°F
2025-07-04,2.83,1.94,37.09,35.49,new_york,NYIS,New York Independent System Operator,D,Demand,Pacific,Pacific,411270,megawatthours,new_york,new_york,Weekday,7,Friday,<50°F
2025-07-05,2.89,2.0,37.2,35.6,new_york,NYIS,New York Independent System Operator,D,Demand,Pacific,Pacific,445794,megawatthours,new_york,new_york,Weekend,7,Saturday,<50°F
2025-07-06,3.06,2.22,37.51,36.0,new_york,NYIS,New York Independent System Operator,D,Demand,Pacific,Pacific,506101,megawatthours,new_york,new_york,Weekend,7,Sunday,<50°F
2025-07-07,3.06,2.44,37.51,36.39,new_york,NYIS,New York Independent System Operator,D,Demand,Pacific,Pacific,566605,megawatthours,new_york,new_york,Weekday,7,Monday,<50°F
2025-07-08,3.39,2.28,38.1,36.1,new_york,NYIS,New York Independent System Operator,D,Demand,Pacific,Pacific,572908,megawatthours,new_york,new_york,Weekday,7,Tuesday,<50°F
2025-07-09,3.22,2.28,37.8,36.1,new_york,NYIS,New York Independent System Operator,D,Demand,Pacific,Pacific,557217,megawatthours,new_york,new_york,Weekday,7,Wednesday,<50°F
2025-07-10,2.89,2.11,37.2,35.8,new_york,NYIS,New York Independent System Operator,D,Demand,Pacific,Pacific,527963,megawatthours,new_york,new_york,Weekday,7,Thursday,<50°F
2025-07-11,2.89,2.28,37.2,36.1,new_york,NYIS,New York Independent System Operator,D,Demand,Pacific,Pacific,535035,megawatthours,new_york,new_york,Weekday,7,Friday,<50°F
2025-07-12,2.83,2.33,37.09,36.19,new_york,NYIS,New York Independent System Operator,D,Demand,Pacific,Pacific,514307,megawatthours,new_york,new_york,Weekend,7,Saturday,<50°F
2025-07-13,2.83,2.17,37.09,35.91,new_york,NYIS,New York Independent System Operator,D,Demand,Pacific,Pacific,511525,megawatthours,new_york,new_york,Weekend,7,Sunday,<50°F
2025-07-14,2.94,2.28,37.29,36.1,new_york,NYIS,New York Independent System Operator,D,Demand,Pacific,Pacific,553017,megawatthours,new_york,new_york,Weekday,7,Monday,<50°F
2025-07-15,3.0,2.22,37.4,36.0,new_york,NYIS,New York Independent System Operator,D,Demand,Pacific,Pacific,556763,megawatthours,new_york,new_york,Weekday,7,Tuesday,<50°F
2025-07-16,3.06,2.5,37.51,36.5,new_york,NYIS,New York Independent System Operator,D,Demand,Pacific,Pacific,592140,megawatthours,new_york,new_york,Weekday,7,Wednesday,<50°F
2025-07-17,3.22,2.39,37.8,36.3,new_york,NYIS,New York Independent System Operator,D,Demand,Pacific,Pacific,589724,megawatthours,new_york,new_york,Weekday,7,Thursday,<50°F
2025-07-18,2.78,2.28,37.0,36.1,new_york,NYIS,New York Independent System Operator,D,Demand,Pacific,Pacific,482873,megawatthours,new_york,new_york,Weekday,7,Friday,<50°F
2025-07-19,2.72,2.06,36.9,35.71,new_york,NYIS,New York Independent System Operator,D,Demand,Pacific,Pacific,458594,megawatthours,new_york,new_york,Weekend,7,Saturday,<50°F
2025-07-20,3.11,2.39,37.6,36.3,new_york,NYIS,New York Independent System Operator,D,Demand,Pacific,Pacific,509431,megawatthours,new_york,new_york,Weekend,7,Sunday,<50°F
2025-07-21,2.94,2.17,37.29,35.91,new_york,NYIS,New York Independent System Operator,D,Demand,Pacific,Pacific,487180,megawatthours,new_york,new_york,Weekday,7,Monday,<50°F
2025-07-22,2.72,1.94,36.9,35.49,new_york,NYIS,New York Independent System Operator,D,Demand,Pacific,Pacific,441587,megawatthours,new_york,new_york,Weekday,7,Tuesday,<50°F
2025-07-23,2.67,2.06,36.81,35.71,new_york,NYIS,New York Independent System Operator,D,Demand,Pacific,Pacific,470924,megawatthours,new_york,new_york,Weekday,7,Wednesday,<50°F
2025-04-28,2.78,1.5,37.0,34.7,phoenix,AZPS,Arizona Public Service Company,D,Demand,Pacific,Pacific,75494,megawatthours,phoenix,phoenix,Weekday,4,Monday,<50°F
2025-04-29,3.11,1.72,37.6,35.1,phoenix,AZPS,Arizona Public Service Company,D,Demand,Pacific,Pacific,79864,megawatthours,phoenix,phoenix,Weekday,4,Tuesday,<50°F
2025-04-30,3.28,1.78,37.9,35.2,phoenix,AZPS,Arizona Public Service Company,D,Demand,Pacific,Pacific,91101,megawatthours,phoenix,phoenix,Weekday,4,Wednesday,<50°F
2025-05-01,3.44,2.0,38.19,35.6,phoenix,AZPS,Arizona Public Service Company,D,Demand,Pacific,Pacific,87428,megawatthours,phoenix,phoenix,Weekday,5,Thursday,<50°F
2025-05-02,3.44,2.17,38.19,35.91,phoenix,AZPS,Arizona Public Service Company,D,Demand,Pacific,Pacific,89109,megawatthours,phoenix,phoenix,Weekday,5,Friday,<50°F
2025-05-03,3.61,2.11,38.5,35.8,phoenix,AZPS,Arizona Public Service Company,D,Demand,Pacific,Pacific,87848,megawatthours,phoenix,phoenix,Weekend,5,Saturday,<50°F
2025-05-04,2.83,1.83,37.09,35.29,phoenix,AZPS,Arizona Public Service Company,D,Demand,Pacific,Pacific,76402,megawatthours,phoenix,phoenix,Weekend,5,Sunday,<50°F
2025-05-05,2.33,1.5,36.19,34.7,phoenix,AZPS,Arizona Public Service Company,D,Demand,Pacific,Pacific,79407,megawatthours,phoenix,phoenix,Weekday,5,Monday,<50°F
2025-05-06,2.5,1.67,36.5,35.01,phoenix,AZPS,Arizona Public Service Company,D,Demand,Pacific,Pacific,83405,megawatthours,phoenix,phoenix,Weekday,5,Tuesday,<50°F
2025-05-07,3.0,1.83,37.4,35.29,phoenix,AZPS,Arizona Public Service Company,D,Demand,Pacific,Pacific,82119,megawatthours,phoenix,phoenix,Weekday,5,Wednesday,<50°F
2025-05-08,3.5,1.89,38.3,35.4,phoenix,AZPS,Arizona Public Service Company,D,Demand,Pacific,Pacific,90021,megawatthours,phoenix,phoenix,Weekday,5,Thursday,<50°F
2025-05-09,4.0,2.28,39.2,36.1,phoenix,AZPS,Arizona Public Service Company,D,Demand,Pacific,Pacific,103394,megawatthours,phoenix,phoenix,Weekday,5,Friday,<50°F
2025-05-10,3.94,2.56,39.09,36.61,phoenix,AZPS,Arizona Public Service Company,D,Demand,Pacific,Pacific,104585,megawatthours,phoenix,phoenix,Weekend,5,Saturday,<50°F
2025-05-11,4.0,2.5,39.2,36.5,phoenix,AZPS,Arizona Public Service Company,D,Demand,Pacific,Pacific,103311,megawatthours,phoenix,phoenix,Weekend,5,Sunday,<50°F
2025-05-12,3.83,2.67,38.89,36.81,phoenix,AZPS,Arizona Public Service Company,D,Demand,Pacific,Pacific,108451,megawatthours,phoenix,phoenix,Weekday,5,Monday,<50°F
2025-05-13,3.22,2.39,37.8,36.3,phoenix,AZPS,Arizona Public Service Company,D,Demand,Pacific,Pacific,91116,megawatthours,phoenix,phoenix,Weekday,5,Tuesday,<50°F
2025-05-14,2.89,1.89,37.2,35.4,phoenix,AZPS,Arizona Public Service Company,D,Demand,Pacific,Pacific,88982,megawatthours,phoenix,phoenix,Weekday,5,Wednesday,<50°F
2025-05-15,3.17,1.83,37.71,35.29,phoenix,AZPS,Arizona Public Service Company,D,Demand,Pacific,Pacific,94742,megawatthours,phoenix,phoenix,Weekday,5,Thursday,<50°F
2025-05-16,3.44,1.94,38.19,35.49,phoenix,AZPS,Arizona Public Service Company,D,Demand,Pacific,Pacific,93509,megawatthours,phoenix,phoenix,Weekday,5,Friday,<50°F
2025-05-17,3.5,2.11,38.3,35.8,phoenix,AZPS,Arizona Public Service Company,D,Demand,Pacific,Pacific,88837,megawatthours,phoenix,phoenix,Weekend,5,Saturday,<50°F
2025-05-18,3.0,1.94,37.4,35.49,phoenix,AZPS,Arizona Public Service Company,D,Demand,Pacific,Pacific,84452,megawatthours,phoenix,phoenix,Weekend,5,Sunday,<50°F
2025-05-19,3.44,2.11,38.19,35.8,phoenix,AZPS,Arizona Public Service Company,D,Demand,Pacific,Pacific,93963,megawatthours,phoenix,phoenix,Weekday,5,Monday,<50°F
2025-05-20,3.72,2.11,38.7,35.8,phoenix,AZPS,Arizona Public Service Company,D,Demand,Pacific,Pacific,104672,megawatthours,phoenix,phoenix,Weekday,5,Tuesday,<50°F
2025-05-21,3.89,2.17,39.0,35.91,phoenix,AZPS,Arizona Public Service Company,D,Demand,Pacific,Pacific,108231,megawatthours,phoenix,phoenix,Weekday,5,Wednesday,<50°F
2025-05-22,4.11,2.33,39.4,36.19,phoenix,AZPS,Arizona Public Service Company,D,Demand,Pacific,Pacific,108812,megawatthours,phoenix,phoenix,Weekday,5,Thursday,<50°F
2025-05-23,3.94,2.33,39.09,36.19,phoenix,AZPS,Arizona Public Service Company,D,Demand,Pacific,Pacific,106330,megawatthours,phoenix,phoenix,Weekday,5,Friday,<50°F
2025-05-24,3.78,2.39,38.8,36.3,phoenix,AZPS,Arizona Public Service Company,D,Demand,Pacific,Pacific,99916,megawatthours,phoenix,phoenix,Weekend,5,Saturday,<50°F
2025-05-25,3.67,2.28,38.61,36.1,phoenix,AZPS,Arizona Public Service Company,D,Demand,Pacific,Pacific,95885,megawatthours,phoenix,phoenix,Weekend,5,Sunday,<50°F
2025-05-26,3.78,2.28,38.8,36.1,phoenix,AZPS,Arizona Public Service Company,D,Demand,Pacific,Pacific,97556,megawatthours,phoenix,phoenix,Weekday,5,Monday,<50°F
2025-05-27,3.83,2.39,38.89,36.3,phoenix,AZPS,Arizona Public Service Company,D,Demand,Pacific,Pacific,105337,megawatthours,phoenix,phoenix,Weekday,5,Tuesday,<50°F
2025-05-28,3.94,2.33,39.09,36.19,phoenix,AZPS,Arizona Public Service Company,D,Demand,Pacific,Pacific,107031,megawatthours,phoenix,phoenix,Weekday,5,Wednesday,<50°F
2025-05-29,3.83,2.61,38.89,36.7,phoenix,AZPS,Arizona Public Service Company,D,Demand,Pacific,Pacific,104830,megawatthours,phoenix,phoenix,Weekday,5,Thursday,<50°F
2025-05-30,4.0,2.28,39.2,36.1,phoenix,AZPS,Arizona Public Service Company,D,Demand,Pacific,Pacific,110731,megawatthours,phoenix,phoenix,Weekday,5,Friday,<50°F
2025-05-31,3.89,2.78,39.0,37.0,phoenix,AZPS,Arizona Public Service Company,D,Demand,Pacific,Pacific,116771,megawatthours,phoenix,phoenix,Weekend,5,Saturday,<50°F
2025-06-01,3.28,2.06,37.9,35.71,phoenix,AZPS,Arizona Public Service Company,D,Demand,Pacific,Pacific,103800,megawatthours,phoenix,phoenix,Weekend,6,Sunday,<50°F
2025-06-02,3.17,1.94,37.71,35.49,phoenix,AZPS,Arizona Public Service Company,D,Demand,Pacific,Pacific,96907,megawatthours,phoenix,phoenix,Weekday,6,Monday,<50°F
2025-06-03,3.61,2.56,38.5,36.61,phoenix,AZPS,Arizona Public Service Company,D,Demand,Pacific,Pacific,109967,megawatthours,phoenix,phoenix,Weekday,6,Tuesday,<50°F
2025-06-04,3.5,2.39,38.3,36.3,phoenix,AZPS,Arizona Public Service Company,D,Demand,Pacific,Pacific,110125,megawatthours,phoenix,phoenix,Weekday,6,Wednesday,<50°F
2025-06-05,3.83,2.56,38.89,36.61,phoenix,AZPS,Arizona Public Service Company,D,Demand,Pacific,Pacific,111256,megawatthours,phoenix,phoenix,Weekday,6,Thursday,<50°F
2025-06-06,4.0,2.67,39.2,36.81,phoenix,AZPS,Arizona Public Service Company,D,Demand,Pacific,Pacific,115655,megawatthours,phoenix,phoenix,Weekday,6,Friday,<50°F
2025-06-07,4.0,2.67,39.2,36.81,phoenix,AZPS,Arizona Public Service Company,D,Demand,Pacific,Pacific,110629,megawatthours,phoenix,phoenix,Weekend,6,Saturday,<50°F
2025-06-08,4.17,2.61,39.51,36.7,phoenix,AZPS,Arizona Public Service Company,D,Demand,Pacific,Pacific,109708,megawatthours,phoenix,phoenix,Weekend,6,Sunday,<50°F
2025-06-09,4.28,2.67,39.7,36.81,phoenix,AZPS,Arizona Public Service Company,D,Demand,Pacific,Pacific,122465,megawatthours,phoenix,phoenix,Weekday,6,Monday,<50°F
2025-06-10,4.22,2.72,39.6,36.9,phoenix,AZPS,Arizona Public Service Company,D,Demand,Pacific,Pacific,124510,megawatthours,phoenix,phoenix,Weekday,6,Tuesday,<50°F
2025-06-11,4.22,2.83,39.6,37.09,phoenix,AZPS,Arizona Public Service Company,D,Demand,Pacific,Pacific,124732,megawatthours,phoenix,phoenix,Weekday,6,Wednesday,<50°F
2025-06-12,4.22,2.89,39.6,37.2,phoenix,AZPS,Arizona Public Service Company,D,Demand,Pacific,Pacific,122683,megawatthours,phoenix,phoenix,Weekday,6,Thursday,<50°F
2025-06-13,4.22,2.78,39.6,37.0,phoenix,AZPS,Arizona Public Service Company,D,Demand,Pacific,Pacific,119912,megawatthours,phoenix,phoenix,Weekday,6,Friday,<50°F
2025-06-14,4.33,2.78,39.79,37.0,phoenix,AZPS,Arizona Public Service Company,D,Demand,Pacific,Pacific,122880,megawatthours,phoenix,phoenix,Weekend,6,Saturday,<50°F
2025-06-15,4.56,2.72,40.21,36.9,phoenix,AZPS,Arizona Public Service Company,D,Demand,Pacific,Pacific,129004,megawatthours,phoenix,phoenix,Weekend,6,Sunday,<50°F
2025-06-16,4.56,2.83,40.21,37.09,phoenix,AZPS,Arizona Public Service Company,D,Demand,Pacific,Pacific,137265,megawatthours,phoenix,phoenix,Weekday,6,Monday,<50°F
2025-06-17,4.33,3.0,39.79,37.4,phoenix,AZPS,Arizona Public Service Company,D,Demand,Pacific,Pacific,139193,megawatthours,phoenix,phoenix,Weekday,6,Tuesday,<50°F
2025-06-18,4.56,2.83,40.21,37.09,phoenix,AZPS,Arizona Public Service Company,D,Demand,Pacific,Pacific,141064,megawatthours,phoenix,phoenix,Weekday,6,Wednesday,<50°F
2025-06-19,4.72,2.94,40.5,37.29,phoenix,AZPS,Arizona Public Service Company,D,Demand,Pacific,Pacific,140832,megawatthours,phoenix,phoenix,Weekday,6,Thursday,<50°F
2025-06-20,4.33,2.89,39.79,37.2,phoenix,AZPS,Arizona Public Service Company,D,Demand,Pacific,Pacific,128192,megawatthours,phoenix,phoenix,Weekday,6,Friday,<50°F
2025-06-21,4.11,2.78,39.4,37.0,phoenix,AZPS,Arizona Public Service Company,D,Demand,Pacific,Pacific,121415,megawatthours,phoenix,phoenix,Weekend,6,Saturday,<50°F
2025-06-22,3.72,2.61,38.7,36.7,phoenix,AZPS,Arizona Public Service Company,D,Demand,Pacific,Pacific,113776,megawatthours,phoenix,phoenix,Weekend,6,Sunday,<50°F
2025-06-23,4.0,2.67,39.2,36.81,phoenix,AZPS,Arizona Public Service Company,D,Demand,Pacific,Pacific,120139,megawatthours,phoenix,phoenix,Weekday,6,Monday,<50°F
2025-06-24,4.06,2.72,39.31,36.9,phoenix,AZPS,Arizona Public Service Company,D,Demand,Pacific,Pacific,118570,megawatthours,phoenix,phoenix,Weekday,6,Tuesday,<50°F
2025-06-25,3.94,2.61,39.09,36.7,phoenix,AZPS,Arizona Public Service Company,D,Demand,Pacific,Pacific,118921,megawatthours,phoenix,phoenix,Weekday,6,Wednesday,<50°F
2025-06-26,4.06,2.72,39.31,36.9,phoenix,AZPS,Arizona Public Service Company,D,Demand,Pacific,Pacific,126343,megawatthours,phoenix,phoenix,Weekday,6,Thursday,<50°F
2025-06-27,4.17,2.78,39.51,37.0,phoenix,AZPS,Arizona Public Service Company,D,Demand,Pacific,Pacific,133774,megawatthours,phoenix,phoenix,Weekday,6,Friday,<50°F
2025-06-28,4.28,3.06,39.7,37.51,phoenix,AZPS,Arizona Public Service Company,D,Demand,Pacific,Pacific,137126,megawatthours,phoenix,phoenix,Weekend,6,Saturday,<50°F
2025-06-29,4.56,3.06,40.21,37.51,phoenix,AZPS,Arizona Public Service Company,D,Demand,Pacific,Pacific,144180,megawatthours,phoenix,phoenix,Weekend,6,Sunday,<50°F
2025-06-30,4.67,3.22,40.41,37.8,phoenix,AZPS,Arizona Public Service Company,D,Demand,Pacific,Pacific,153236,megawatthours,phoenix,phoenix,Weekday,6,Monday,<50°F
2025-07-01,4.44,3.39,39.99,38.1,phoenix,AZPS,Arizona Public Service Company,D,Demand,Pacific,Pacific,155783,megawatthours,phoenix,phoenix,Weekday,7,Tuesday,<50°F
2025-07-02,4.28,2.56,39.7,36.61,phoenix,AZPS,Arizona Public Service Company,D,Demand,Pacific,Pacific,144476,megawatthours,phoenix,phoenix,Weekday,7,Wednesday,<50°F
2025-07-03,3.89,2.56,39.0,36.61,phoenix,AZPS,Arizona Public Service Company,D,Demand,Pacific,Pacific,126956,megawatthours,phoenix,phoenix,Weekday,7,Thursday,<50°F
2025-07-04,3.94,2.78,39.09,37.0,phoenix,AZPS,Arizona Public Service Company,D,Demand,Pacific,Pacific,123912,megawatthours,phoenix,phoenix,Weekday,7,Friday,<50°F
2025-07-05,4.17,3.0,39.51,37.4,phoenix,AZPS,Arizona Public Service Company,D,Demand,Pacific,Pacific,130207,megawatthours,phoenix,phoenix,Weekend,7,Saturday,<50°F
2025-07-06,4.33,3.0,39.79,37.4,phoenix,AZPS,Arizona Public Service Company,D,Demand,Pacific,Pacific,136565,megawatthours,phoenix,phoenix,Weekend,7,Sunday,<50°F
2025-07-07,4.39,3.28,39.9,37.9,phoenix,AZPS,Arizona Public Service Company,D,Demand,Pacific,Pacific,147015,megawatthours,phoenix,phoenix,Weekday,7,Monday,<50°F
2025-07-08,4.44,3.33,39.99,37.99,phoenix,AZPS,Arizona Public Service Company,D,Demand,Pacific,Pacific,153892,megawatthours,phoenix,phoenix,Weekday,7,Tuesday,<50°F
2025-07-09,4.78,3.39,40.6,38.1,phoenix,AZPS,Arizona Public Service Company,D,Demand,Pacific,Pacific,160374,megawatthours,phoenix,phoenix,Weekday,7,Wednesday,<50°F
2025-07-10,4.5,3.5,40.1,38.3,phoenix,AZPS,Arizona Public Service Company,D,Demand,Pacific,Pacific,157730,megawatthours,phoenix,phoenix,Weekday,7,Thursday,<50°F
2025-07-11,4.39,3.22,39.9,37.8,phoenix,AZPS,Arizona Public Service Company,D,Demand,Pacific,Pacific,154112,megawatthours,phoenix,phoenix,Weekday,7,Friday,<50°F
2025-07-12,4.22,3.11,39.6,37.6,phoenix,AZPS,Arizona Public Service Company,D,Demand,Pacific,Pacific,143389,megawatthours,phoenix,phoenix,Weekend,7,Saturday,<50°F
2025-07-13,4.22,3.22,39.6,37.8,phoenix,AZPS,Arizona Public Service Company,D,Demand,Pacific,Pacific,138591,megawatthours,phoenix,phoenix,Weekend,7,Sunday,<50°F
2025-07-14,4.17,3.22,39.51,37.8,phoenix,AZPS,Arizona Public Service Company,D,Demand,Pacific,Pacific,144670,megawatthours,phoenix,phoenix,Weekday,7,Monday,<50°F
2025-07-15,4.17,3.0,39.51,37.4,phoenix,AZPS,Arizona Public Service Company,D,Demand,Pacific,Pacific,145208,megawatthours,phoenix,phoenix,Weekday,7,Tuesday,<50°F
2025-07-16,3.61,2.83,38.5,37.09,phoenix,AZPS,Arizona Public Service Company,D,Demand,Pacific,Pacific,134198,megawatthours,phoenix,phoenix,Weekday,7,Wednesday,<50°F
2025-07-17,3.83,2.67,38.89,36.81,phoenix,AZPS,Arizona Public Service Company,D,Demand,Pacific,Pacific,139812,megawatthours,phoenix,phoenix,Weekday,7,Thursday,<50°F
2025-07-18,4.22,3.11,39.6,37.6,phoenix,AZPS,Arizona Public Service Company,D,Demand,Pacific,Pacific,141754,megawatthours,phoenix,phoenix,Weekday,7,Friday,<50°F
2025-07-19,4.17,3.06,39.51,37.51,phoenix,AZPS,Arizona Public Service Company,D,Demand,Pacific,Pacific,136060,megawatthours,phoenix,phoenix,Weekend,7,Saturday,<50°F
2025-07-20,3.61,3.22,38.5,37.8,phoenix,AZPS,Arizona Public Service Company,D,Demand,Pacific,Pacific,119357,megawatthours,phoenix,phoenix,Weekend,7,Sunday,<50°F
2025-07-21,4.0,2.94,39.2,37.29,phoenix,AZPS,Arizona Public Service Company,D,Demand,Pacific,Pacific,129581,megawatthours,phoenix,phoenix,Weekday,7,Monday,<50°F
2025-07-22,3.89,2.89,39.0,37.2,phoenix,AZPS,Arizona Public Service Company,D,Demand,Pacific,Pacific,134119,megawatthours,phoenix,phoenix,Weekday,7,Tuesday,<50°F
2025-07-23,4.0,2.94,39.2,37.29,phoenix,AZPS,Arizona Public Service Company,D,Demand,Pacific,Pacific,128556,megawatthours,phoenix,phoenix,Weekday,7,Wednesday,<50°F
2025-04-28,1.28,0.78,34.3,33.4,seattle,SCL,Seattle City Light,D,Demand,Pacific,Pacific,25051,megawatthours,seattle,seattle,Weekday,4,Monday,<50°F
2025-04-29,1.5,0.83,34.7,33.49,seattle,SCL,Seattle City Light,D,Demand,Pacific,Pacific,25228,megawatthours,seattle,seattle,Weekday,4,Tuesday,<50°F
2025-04-30,1.61,0.61,34.9,33.1,seattle,SCL,Seattle City Light,D,Demand,Pacific,Pacific,24682,megawatthours,seattle,seattle,Weekday,4,Wednesday,<50°F
2025-05-01,2.44,0.61,36.39,33.1,seattle,SCL,Seattle City Light,D,Demand,Pacific,Pacific,23053,megawatthours,seattle,seattle,Weekday,5,Thursday,<50°F
2025-05-02,2.06,1.0,35.71,33.8,seattle,SCL,Seattle City Light,D,Demand,Pacific,Pacific,22878,megawatthours,seattle,seattle,Weekday,5,Friday,<50°F
2025-05-03,1.39,0.72,34.5,33.3,seattle,SCL,Seattle City Light,D,Demand,Pacific,Pacific,22348,megawatthours,seattle,seattle,Weekend,5,Saturday,<50°F
2025-05-04,1.61,0.56,34.9,33.01,seattle,SCL,Seattle City Light,D,Demand,Pacific,Pacific,22617,megawatthours,seattle,seattle,Weekend,5,Sunday,<50°F
2025-05-05,2.11,0.56,35.8,33.01,seattle,SCL,Seattle City Light,D,Demand,Pacific,Pacific,24178,megawatthours,seattle,seattle,Weekday,5,Monday,<50°F
2025-05-06,2.5,0.89,36.5,33.6,seattle,SCL,Seattle City Light,D,Demand,Pacific,Pacific,22791,megawatthours,seattle,seattle,Weekday,5,Tuesday,<50°F
2025-05-07,1.89,0.78,35.4,33.4,seattle,SCL,Seattle City Light,D,Demand,Pacific,Pacific,22085,megawatthours,seattle,seattle,Weekday,5,Wednesday,<50°F
2025-05-08,1.72,0.61,35.1,33.1,seattle,SCL,Seattle City Light,D,Demand,Pacific,Pacific,22365,megawatthours,seattle,seattle,Weekday,5,Thursday,<50°F
2025-05-09,2.11,0.67,35.8,33.21,seattle,SCL,Seattle City Light,D,Demand,Pacific,Pacific,22317,megawatthours,seattle,seattle,Weekday,5,Friday,<50°F
2025-05-10,1.72,0.94,35.1,33.69,seattle,SCL,Seattle City Light,D,Demand,Pacific,Pacific,20574,megawatthours,seattle,seattle,Weekend,5,Saturday,<50°F
2025-05-11,1.67,0.94,35.01,33.69,seattle,SCL,Seattle City Light,D,Demand,Pacific,Pacific,20659,megawatthours,seattle,seattle,Weekend,5,Sunday,<50°F
2025-05-12,1.94,0.72,35.49,33.3,seattle,SCL,Seattle City Light,D,Demand,Pacific,Pacific,22683,megawatthours,seattle,seattle,Weekday,5,Monday,<50°F
2025-05-13,1.56,0.89,34.81,33.6,seattle,SCL,Seattle City Light,D,Demand,Pacific,Pacific,22788,megawatthours,seattle,seattle,Weekday,5,Tuesday,<50°F
2025-05-14,1.67,0.94,35.01,33.69,seattle,SCL,Seattle City Light,D,Demand,Pacific,Pacific,22886,megawatthours,seattle,seattle,Weekday,5,Wednesday,<50°F
2025-05-15,1.33,0.67,34.39,33.21,seattle,SCL,Seattle City Light,D,Demand,Pacific,Pacific,23175,megawatthours,seattle,seattle,Weekday,5,Thursday,<50°F
2025-05-16,1.5,0.89,34.7,33.6,seattle,SCL,Seattle City Light,D,Demand,Pacific,Pacific,23634,megawatthours,seattle,seattle,Weekday,5,Friday,<50°F
2025-05-17,1.67,0.89,35.01,33.6,seattle,SCL,Seattle City Light,D,Demand,Pacific,Pacific,22882,megawatthours,seattle,seattle,Weekend,5,Saturday,<50°F
2025-05-18,1.67,0.72,35.01,33.3,seattle,SCL,Seattle City Light,D,Demand,Pacific,Pacific,22889,megawatthours,seattle,seattle,Weekend,5,Sunday,<50°F
2025-05-19,1.61,0.83,34.9,33.49,seattle,SCL,Seattle City Light,D,Demand,Pacific,Pacific,24120,megawatthours,seattle,seattle,Weekday,5,Monday,<50°F
2025-05-20,1.56,0.83,34.81,33.49,seattle,SCL,Seattle City Light,D,Demand,Pacific,Pacific,24282,megawatthours,seattle,seattle,Weekday,5,Tuesday,<50°F
2025-05-21,1.67,0.94,35.01,33.69,seattle,SCL,Seattle City Light,D,Demand,Pacific,Pacific,22921,megawatthours,seattle,seattle,Weekday,5,Wednesday,<50°F
2025-05-22,2.0,0.94,35.6,33.69,seattle,SCL,Seattle City Light,D,Demand,Pacific,Pacific,22290,megawatthours,seattle,seattle,Weekday,5,Thursday,<50°F
2025-05-23,1.94,0.94,35.49,33.69,seattle,SCL,Seattle City Light,D,Demand,Pacific,Pacific,22538,megawatthours,seattle,seattle,Weekday,5,Friday,<50°F
2025-05-24,2.44,0.83,36.39,33.49,seattle,SCL,Seattle City Light,D,Demand,Pacific,Pacific,21207,megawatthours,seattle,seattle,Weekend,5,Saturday,<50°F
2025-05-25,2.06,1.0,35.71,33.8,seattle,SCL,Seattle City Light,D,Demand,Pacific,Pacific,20863,megawatthours,seattle,seattle,Weekend,5,Sunday,<50°F
2025-05-26,1.94,1.06,35.49,33.91,seattle,SCL,Seattle City Light,D,Demand,Pacific,Pacific,21879,megawatthours,seattle,seattle,Weekday,5,Monday,<50°F
2025-05-27,2.39,0.89,36.3,33.6,seattle,SCL,Seattle City Light,D,Demand,Pacific,Pacific,23155,megawatthours,seattle,seattle,Weekday,5,Tuesday,<50°F
2025-05-28,2.72,1.22,36.9,34.2,seattle,SCL,Seattle City Light,D,Demand,Pacific,Pacific,22950,megawatthours,seattle,seattle,Weekday,5,Wednesday,<50°F
2025-05-29,2.06,1.22,35.71,34.2,seattle,SCL,Seattle City Light,D,Demand,Pacific,Pacific,21891,megawatthours,seattle,seattle,Weekday,5,Thursday,<50°F
2025-05-30,2.5,1.0,36.5,33.8,seattle,SCL,Seattle City Light,D,Demand,Pacific,Pacific,22635,megawatthours,seattle,seattle,Weekday,5,Friday,<50°F
2025-05-31,1.78,1.11,35.2,34.0,seattle,SCL,Seattle City Light,D,Demand,Pacific,Pacific,20730,megawatthours,seattle,seattle,Weekend,5,Saturday,<50°F
2025-06-01,1.94,0.83,35.49,33.49,seattle,SCL,Seattle City Light,D,Demand,Pacific,Pacific,20979,megawatthours,seattle,seattle,Weekend,6,Sunday,<50°F
2025-06-02,2.17,0.89,35.91,33.6,seattle,SCL,Seattle City Light,D,Demand,Pacific,Pacific,23242,megawatthours,seattle,seattle,Weekday,6,Monday,<50°F
2025-06-03,2.33,1.06,36.19,33.91,seattle,SCL,Seattle City Light,D,Demand,Pacific,Pacific,23381,megawatthours,seattle,seattle,Weekday,6,Tuesday,<50°F
2025-06-04,1.94,1.22,35.49,34.2,seattle,SCL,Seattle City Light,D,Demand,Pacific,Pacific,22096,megawatthours,seattle,seattle,Weekday,6,Wednesday,<50°F
2025-06-05,2.5,1.06,36.5,33.91,seattle,SCL,Seattle City Light,D,Demand,Pacific,Pacific,22318,megawatthours,seattle,seattle,Weekday,6,Thursday,<50°F
2025-06-06,2.61,1.39,36.7,34.5,seattle,SCL,Seattle City Light,D,Demand,Pacific,Pacific,23585,megawatthours,seattle,seattle,Weekday,6,Friday,<50°F
2025-06-07,2.72,1.28,36.9,34.3,seattle,SCL,Seattle City Light,D,Demand,Pacific,Pacific,22832,megawatthours,seattle,seattle,Weekend,6,Saturday,<50°F
2025-06-08,3.22,1.61,37.8,34.9,seattle,SCL,Seattle City Light,D,Demand,Pacific,Pacific,24222,megawatthours,seattle,seattle,Weekend,6,Sunday,<50°F
2025-06-09,3.06,1.61,37.51,34.9,seattle,SCL,Seattle City Light,D,Demand,Pacific,Pacific,26694,megawatthours,seattle,seattle,Weekday,6,Monday,<50°F
2025-06-10,2.72,1.17,36.9,34.11,seattle,SCL,Seattle City Light,D,Demand,Pacific,Pacific,25534,megawatthours,seattle,seattle,Weekday,6,Tuesday,<50°F
2025-06-11,2.06,1.06,35.71,33.91,seattle,SCL,Seattle City Light,D,Demand,Pacific,Pacific,22494,megawatthours,seattle,seattle,Weekday,6,Wednesday,<50°F
2025-06-12,1.89,1.06,35.4,33.91,seattle,SCL,Seattle City Light,D,Demand,Pacific,Pacific,21642,megawatthours,seattle,seattle,Weekday,6,Thursday,<50°F
2025-06-13,1.78,1.0,35.2,33.8,seattle,SCL,Seattle City Light,D,Demand,Pacific,Pacific,22242,megawatthours,seattle,seattle,Weekday,6,Friday,<50°F
2025-06-14,2.0,0.94,35.6,33.69,seattle,SCL,Seattle City Light,D,Demand,Pacific,Pacific,21223,megawatthours,seattle,seattle,Weekend,6,Saturday,<50°F
2025-06-15,2.17,1.11,35.91,34.0,seattle,SCL,Seattle City Light,D,Demand,Pacific,Pacific,21207,megawatthours,seattle,seattle,Weekend,6,Sunday,<50°F
2025-06-16,2.33,1.0,36.19,33.8,seattle,SCL,Seattle City Light,D,Demand,Pacific,Pacific,23222,megawatthours,seattle,seattle,Weekday,6,Monday,<50°F
2025-06-17,2.28,1.0,36.1,33.8,seattle,SCL,Seattle City Light,D,Demand,Pacific,Pacific,23302,megawatthours,seattle,seattle,Weekday,6,Tuesday,<50°F
2025-06-18,2.06,1.28,35.71,34.3,seattle,SCL,Seattle City Light,D,Demand,Pacific,Pacific,23008,megawatthours,seattle,seattle,Weekday,6,Wednesday,<50°F
2025-06-19,2.06,1.0,35.71,33.8,seattle,SCL,Seattle City Light,D,Demand,Pacific,Pacific,21269,megawatthours,seattle,seattle,Weekday,6,Thursday,<50°F
2025-06-20,1.72,1.06,35.1,33.91,seattle,SCL,Seattle City Light,D,Demand,Pacific,Pacific,22002,megawatthours,seattle,seattle,Weekday,6,Friday,<50°F
2025-06-21,1.44,1.0,34.59,33.8,seattle,SCL,Seattle City Light,D,Demand,Pacific,Pacific,21622,megawatthours,seattle,seattle,Weekend,6,Saturday,<50°F
2025-06-22,2.0,1.17,35.6,34.11,seattle,SCL,Seattle City Light,D,Demand,Pacific,Pacific,21415,megawatthours,seattle,seattle,Weekend,6,Sunday,<50°F
2025-06-23,2.5,1.17,36.5,34.11,seattle,SCL,Seattle City Light,D,Demand,Pacific,Pacific,23444,megawatthours,seattle,seattle,Weekday,6,Monday,<50°F
2025-06-24,2.67,1.22,36.81,34.2,seattle,SCL,Seattle City Light,D,Demand,Pacific,Pacific,23754,megawatthours,seattle,seattle,Weekday,6,Tuesday,<50°F
2025-06-25,2.17,1.22,35.91,34.2,seattle,SCL,Seattle City Light,D,Demand,Pacific,Pacific,21976,megawatthours,seattle,seattle,Weekday,6,Wednesday,<50°F
2025-06-26,1.89,1.28,35.4,34.3,seattle,SCL,Seattle City Light,D,Demand,Pacific,Pacific,21618,megawatthours,seattle,seattle,Weekday,6,Thursday,<50°F
2025-06-27,2.06,1.28,35.71,34.3,seattle,SCL,Seattle City Light,D,Demand,Pacific,Pacific,22272,megawatthours,seattle,seattle,Weekday,6,Friday,<50°F
2025-06-28,2.39,1.28,36.3,34.3,seattle,SCL,Seattle City Light,D,Demand,Pacific,Pacific,21565,megawatthours,seattle,seattle,Weekend,6,Saturday,<50°F
2025-06-29,2.67,1.28,36.81,34.3,seattle,SCL,Seattle City Light,D,Demand,Pacific,Pacific,22143,megawatthours,seattle,seattle,Weekend,6,Sunday,<50°F
2025-06-30,3.06,1.56,37.51,34.81,seattle,SCL,Seattle City Light,D,Demand,Pacific,Pacific,25683,megawatthours,seattle,seattle,Weekday,6,Monday,<50°F
2025-07-01,3.06,1.44,37.51,34.59,seattle,SCL,Seattle City Light,D,Demand,Pacific,Pacific,25664,megawatthours,seattle,seattle,Weekday,7,Tuesday,<50°F
2025-07-02,2.39,1.22,36.3,34.2,seattle,SCL,Seattle City Light,D,Demand,Pacific,Pacific,23727,megawatthours,seattle,seattle,Weekday,7,Wednesday,<50°F
2025-07-03,2.06,1.17,35.71,34.11,seattle,SCL,Seattle City Light,D,Demand,Pacific,Pacific,21534,megawatthours,seattle,seattle,Weekday,7,Thursday,<50°F
2025-07-04,2.33,1.28,36.19,34.3,seattle,SCL,Seattle City Light,D,Demand,Pacific,Pacific,20871,megawatthours,seattle,seattle,Weekday,7,Friday,<50°F
2025-07-05,2.39,1.17,36.3,34.11,seattle,SCL,Seattle City Light,D,Demand,Pacific,Pacific,21301,megawatthours,seattle,seattle,Weekend,7,Saturday,<50°F
2025-07-06,2.61,1.39,36.7,34.5,seattle,SCL,Seattle City Light,D,Demand,Pacific,Pacific,21980,megawatthours,seattle,seattle,Weekend,7,Sunday,<50°F
2025-07-07,2.94,1.44,37.29,34.59,seattle,SCL,Seattle City Light,D,Demand,Pacific,Pacific,25144,megawatthours,seattle,seattle,Weekday,7,Monday,<50°F
2025-07-08,2.94,1.44,37.29,34.59,seattle,SCL,Seattle City Light,D,Demand,Pacific,Pacific,25706,megawatthours,seattle,seattle,Weekday,7,Tuesday,<50°F
2025-07-09,2.22,1.5,36.0,34.7,seattle,SCL,Seattle City Light,D,Demand,Pacific,Pacific,23118,megawatthours,seattle,seattle,Weekday,7,Wednesday,<50°F
2025-07-10,2.28,1.39,36.1,34.5,seattle,SCL,Seattle City Light,D,Demand,Pacific,Pacific,22212,megawatthours,seattle,seattle,Weekday,7,Thursday,<50°F
2025-07-11,2.89,1.5,37.2,34.7,seattle,SCL,Seattle City Light,D,Demand,Pacific,Pacific,23941,megawatthours,seattle,seattle,Weekday,7,Friday,<50°F
2025-07-12,2.83,1.78,37.09,35.2,seattle,SCL,Seattle City Light,D,Demand,Pacific,Pacific,24080,megawatthours,seattle,seattle,Weekend,7,Saturday,<50°F
2025-07-13,3.22,1.78,37.8,35.2,seattle,SCL,Seattle City Light,D,Demand,Pacific,Pacific,24864,megawatthours,seattle,seattle,Weekend,7,Sunday,<50°F
2025-07-14,2.56,1.67,36.61,35.01,seattle,SCL,Seattle City Light,D,Demand,Pacific,Pacific,25822,megawatthours,seattle,seattle,Weekday,7,Monday,<50°F
2025-07-15,3.11,1.33,37.6,34.39,seattle,SCL,Seattle City Light,D,Demand,Pacific,Pacific,26321,megawatthours,seattle,seattle,Weekday,7,Tuesday,<50°F
2025-07-16,3.44,1.89,38.19,35.4,seattle,SCL,Seattle City Light,D,Demand,Pacific,Pacific,27180,megawatthours,seattle,seattle,Weekday,7,Wednesday,<50°F
2025-07-17,3.0,1.33,37.4,34.39,seattle,SCL,Seattle City Light,D,Demand,Pacific,Pacific,25557,megawatthours,seattle,seattle,Weekday,7,Thursday,<50°F
2025-07-18,2.11,1.33,35.8,34.39,seattle,SCL,Seattle City Light,D,Demand,Pacific,Pacific,23662,megawatthours,seattle,seattle,Weekday,7,Friday,<50°F
2025-07-19,2.11,1.28,35.8,34.3,seattle,SCL,Seattle City Light,D,Demand,Pacific,Pacific,21489,megawatthours,seattle,seattle,Weekend,7,Saturday,<50°F
2025-07-20,1.83,1.06,35.29,33.91,seattle,SCL,Seattle City Light,D,Demand,Pacific,Pacific,21332,megawatthours,seattle,seattle,Weekend,7,Sunday,<50°F
2025-07-21,2.5,1.22,36.5,34.2,seattle,SCL,Seattle City Light,D,Demand,Pacific,Pacific,24051,megawatthours,seattle,seattle,Weekday,7,Monday,<50°F
2025-07-22,2.56,1.39,36.61,34.5,seattle,SCL,Seattle City Light,D,Demand,Pacific,Pacific,24378,megawatthours,seattle,seattle,Weekday,7,Tuesday,<50°F
2025-07-23,2.83,1.39,37.09,34.5,seattle,SCL,Seattle City Light,D,Demand,Pacific,Pacific,24213,megawatthours,seattle,seattle,Weekday,7,Wednesday,<50°F
